{"train/epoch":2.9928057553956835,"train/learning_rate":0,"train/global_step":624,"_step":623,"train/loss":0.2125,"_wandb":{"runtime":4467},"_runtime":3266.724590804,"train/grad_norm":4.959707260131836,"_timestamp":1.728595787231597e+09}