{"_step":467,"train/loss":0.1951,"_runtime":2631.790121987,"_wandb":{"runtime":3331},"train/learning_rate":0,"_timestamp":1.7286572266981425e+09,"train/grad_norm":2.887481689453125,"train/epoch":2.9904153354632586,"train/global_step":468}